{
  "version": "1.1.1",
  "windows": {
    "main": {
      "main": true,
      "url": "app://editor/index.html",
      "windowType": "dockable",
      "x": -128,
      "y": -1055,
      "width": 1920,
      "height": 1055,
      "layout": {
        "children": [
          {
            "children": [
              {
                "active": 0,
                "children": [
                  "hierarchy"
                ],
                "height": 334,
                "type": "panel",
                "width": 457
              },
              {
                "active": 0,
                "children": [
                  "assets",
                  "cloud-function"
                ],
                "height": 631,
                "type": "panel",
                "width": 457
              }
            ],
            "height": 968,
            "type": "dock-v",
            "width": 457
          },
          {
            "children": [
              {
                "active": 0,
                "children": [
                  "scene"
                ],
                "height": 505.984375,
                "type": "panel",
                "width": 1000
              },
              {
                "active": 0,
                "children": [
                  "console",
                  "timeline",
                  "game-window",
                  "node-library"
                ],
                "height": 459,
                "type": "panel",
                "width": 1000
              }
            ],
            "height": 968,
            "type": "dock-v",
            "width": 1000
          },
          {
            "active": 0,
            "children": [
              "inspector",
              "cocos-services"
            ],
            "height": 968,
            "type": "panel",
            "width": 457
          }
        ],
        "type": "dock-h"
      },
      "panels": [
        "hierarchy",
        "assets",
        "cloud-function",
        "scene",
        "console",
        "timeline",
        "game-window",
        "node-library",
        "inspector",
        "cocos-services"
      ]
    }
  },
  "panels": {
    "simulator-debugger": {
      "x": 849,
      "y": -906,
      "width": 800,
      "height": 628
    },
    "preferences": {
      "x": 680,
      "y": 263,
      "width": 584,
      "height": 554
    },
    "project-settings": {
      "x": 2122,
      "y": -1107,
      "width": 584,
      "height": 554
    }
  },
  "panelLabelWidth": {
    "inspector": null,
    "project-settings": null
  }
}
